{"cameraMode":{"drawMode":0,"name":"Shaded","section":"Shading Mode"},"sceneLighting":false,"audioPlay":false,"sceneViewState":{"m_AlwaysRefresh":false,"showFog":true,"showSkybox":false,"showFlares":true,"showImageEffects":true,"showParticleSystems":true,"showVisualEffectGraphs":true,"m_FxEnabled":true},"in2DMode":false,"pivot":{"x":0.547711193561554,"y":3.6307475566864015,"z":-0.18530035018920899},"rotation":{"x":-0.04504946991801262,"y":0.9538894295692444,"z":-0.17821909487247468,"w":-0.23880833387374879},"size":2.4117136001586916,"orthographic":true}