{"cameraMode":{"drawMode":0,"name":"Shaded","section":"Shading Mode"},"sceneLighting":false,"audioPlay":false,"sceneViewState":{"m_AlwaysRefresh":false,"showFog":true,"showSkybox":false,"showFlares":true,"showImageEffects":true,"showParticleSystems":true,"showVisualEffectGraphs":true,"m_FxEnabled":true},"in2DMode":false,"pivot":{"x":0.08426034450531006,"y":3.6307477951049806,"z":-0.3375006914138794},"rotation":{"x":0.004999756347388029,"y":0.9939466714859009,"z":-0.0990552082657814,"w":0.05437801405787468},"size":3.8889262676239015,"orthographic":true}