{"cameraMode":{"drawMode":0,"name":"Shaded","section":"Shading Mode"},"sceneLighting":false,"audioPlay":false,"sceneViewState":{"m_AlwaysRefresh":false,"showFog":true,"showSkybox":false,"showFlares":true,"showImageEffects":true,"showParticleSystems":true,"showVisualEffectGraphs":true,"m_FxEnabled":true},"in2DMode":false,"pivot":{"x":24.060226440429689,"y":0.8518463373184204,"z":8.349812507629395},"rotation":{"x":0.03956238925457001,"y":0.6914840340614319,"z":-0.039367567747831348,"w":0.7208375334739685},"size":0.9069175720214844,"orthographic":true}